<?xml version="1.0" encoding="UTF-8"?><ns2:contract xmlns:ns2="http://zakupki.gov.ru/223fz/contract/1" xmlns="http://zakupki.gov.ru/223fz/types/1" xmlns:ns10="http://zakupki.gov.ru/223fz/exclusion/1" xmlns:ns11="http://zakupki.gov.ru/223fz/machineryListInfo/1" xmlns:ns12="http://zakupki.gov.ru/223fz/missedNotice/1" xmlns:ns13="http://zakupki.gov.ru/223fz/notificationIssue/1" xmlns:ns14="http://zakupki.gov.ru/223fz/orderClauseList/1" xmlns:ns15="http://zakupki.gov.ru/223fz/purchasePlan/1" xmlns:ns16="http://zakupki.gov.ru/223fz/purchasePlanUpdatePositionDataType/1" xmlns:ns17="http://zakupki.gov.ru/223fz/purchasePlanAdditionalPosition/1" xmlns:ns18="http://zakupki.gov.ru/223fz/purchasePlanProject/1" xmlns:ns19="http://zakupki.gov.ru/223fz/purchasePlanProjectAdditionalPosition/1" xmlns:ns20="http://zakupki.gov.ru/223fz/reference/1" xmlns:ns21="http://zakupki.gov.ru/223fz/revenue/1" xmlns:ns22="http://zakupki.gov.ru/223fz/stopCommodity/1" xmlns:ns23="http://zakupki.gov.ru/223fz/typalOrderClauseList/1" xmlns:ns24="http://zakupki.gov.ru/223fz/webRequest/1" xmlns:ns25="http://zakupki.gov.ru/223fz/ecp-packet/1" xmlns:ns3="http://zakupki.gov.ru/223fz/dishonestSupplier/1" xmlns:ns4="http://zakupki.gov.ru/223fz/agencyRelation/1" xmlns:ns5="http://zakupki.gov.ru/223fz/complaint/1" xmlns:ns6="http://zakupki.gov.ru/223fz/customerRegistry/1" xmlns:ns7="http://zakupki.gov.ru/223fz/decisionSuspension/1" xmlns:ns8="http://zakupki.gov.ru/223fz/disagreementProtocol/1" xmlns:ns9="http://zakupki.gov.ru/223fz/purchase/1" xmlns:xsi="http://www.w3.org/2001/XMLSchema-instance" xsi:schemaLocation="https://zakupki.gov.ru/223/integration/schema/TFF-12.3 https://zakupki.gov.ru/223/integration/schema/TFF-12.3/contract.xsd">
    <header>
        <guid>efdc95bf-df47-4ff7-a9f2-213ee6d59235</guid>
        <createDateTime>2022-11-25T09:44:11</createDateTime>
    </header>
    <ns2:body>
        <ns2:item>
            <guid>794f0c4b-9d6d-4eaa-b853-8d27c97fcd6b</guid>
            <ns2:contractData>
                <ns2:guid>ce5ab462-f753-467a-96e4-0ac47a1fb170</ns2:guid>
                <ns2:registrationNumber>87707274249220011500003</ns2:registrationNumber>
                <ns2:notice44>false</ns2:notice44>
                <ns2:noticeNotPlacedByFz223p5s4>false</ns2:noticeNotPlacedByFz223p5s4>
                <ns2:notice44Num>32211580290 Устройство механической мастерской  в помещении склада Камчатского филиала ФГБУ "Морспасслужба" 27.07.2022</ns2:notice44Num>
                <ns2:termination>false</ns2:termination>
                <ns2:extension>false</ns2:extension>
                <ns2:prolongation>false</ns2:prolongation>
                <ns2:customerAppealedOrNeedsApproval>false</ns2:customerAppealedOrNeedsApproval>
                <ns2:lotNum>1</ns2:lotNum>
                <ns2:urlEIS>https://lk.zakupki.gov.ru/223/contract/private/contract/view/general-information.html?id=14918758&amp;viewMode=VSRI</ns2:urlEIS>
                <ns2:createDateTime>2022-11-25T09:41:20</ns2:createDateTime>
                <ns2:customer>
                    <mainInfo>
                        <fullName>ФЕДЕРАЛЬНОЕ ГОСУДАРСТВЕННОЕ БЮДЖЕТНОЕ УЧРЕЖДЕНИЕ "МОРСКАЯ СПАСАТЕЛЬНАЯ СЛУЖБА"</fullName>
                        <shortName>ФГБУ "МОРСПАССЛУЖБА"</shortName>
                        <iko>87707274249770701001</iko>
                        <inn>7707274249</inn>
                        <kpp>770701001</kpp>
                        <ogrn>1027739737321</ogrn>
                        <legalAddress>125993, ГОРОД МОСКВА,УЛИЦА ПЕТРОВКА, дом ДОМ 3/6, корпус СТР 2</legalAddress>
                        <postalAddress>125009, г Москва, р-н Тверской, ул Петровка, дом 3/6, корпус 2</postalAddress>
                        <okato>45286585000</okato>
                        <okopf>75103</okopf>
                        <okopfName>Федеральные государственные бюджетные учреждения</okopfName>
                        <okpo>18685292</okpo>
                        <okfs>12</okfs>
                        <okfsName>Федеральная собственность</okfsName>
                        <customerRegistrationDate>1999-01-25T00:00:00</customerRegistrationDate>
                        <customerAssessedCompliance>false</customerAssessedCompliance>
                        <customerMonitoredCompliance>false</customerMonitoredCompliance>
                    </mainInfo>
                </ns2:customer>
                <ns2:placer>
                    <mainInfo>
                        <fullName>Камчатский филиал Федерального бюджетного учреждения «Морская спасательная служба Росморречфлота»</fullName>
                        <shortName>Камчатский филиал ФБУ «Морспасслужба Росморречфлота»</shortName>
                        <iko>87707274249410143001</iko>
                        <inn>7707274249</inn>
                        <kpp>410143001</kpp>
                        <ogrn>1027739737321</ogrn>
                        <legalAddress>683000, г. Петропавловск-Камчатский, мыс Сигнальный.</legalAddress>
                        <postalAddress>125009, г Москва, р-н Тверской, ул Петровка, дом 3/6, корпус 2</postalAddress>
                        <okato>30401000000</okato>
                        <okopf>75103</okopf>
                        <okopfName>Федеральные государственные бюджетные учреждения</okopfName>
                        <okpo>01126281</okpo>
                        <okfs>12</okfs>
                        <okfsName>Федеральная собственность</okfsName>
                    </mainInfo>
                </ns2:placer>
                <ns2:detachedOrg>
                    <mainInfo>
                        <fullName>ФЕДЕРАЛЬНОЕ ГОСУДАРСТВЕННОЕ БЮДЖЕТНОЕ УЧРЕЖДЕНИЕ "МОРСКАЯ СПАСАТЕЛЬНАЯ СЛУЖБА"</fullName>
                        <shortName>ФГБУ "МОРСПАССЛУЖБА"</shortName>
                        <iko>87707274249770701001</iko>
                        <inn>7707274249</inn>
                        <kpp>770701001</kpp>
                        <ogrn>1027739737321</ogrn>
                        <legalAddress>125993, ГОРОД МОСКВА,УЛИЦА ПЕТРОВКА, дом ДОМ 3/6, корпус СТР 2</legalAddress>
                        <postalAddress>125009, г Москва, р-н Тверской, ул Петровка, дом 3/6, корпус 2</postalAddress>
                        <okato>45286585000</okato>
                        <okopf>75103</okopf>
                        <okopfName>Федеральные государственные бюджетные учреждения</okopfName>
                        <okpo>18685292</okpo>
                        <okfs>12</okfs>
                        <okfsName>Федеральная собственность</okfsName>
                    </mainInfo>
                </ns2:detachedOrg>
                <ns2:publicationDate>2022-11-25T09:44:11</ns2:publicationDate>
                <ns2:status>P</ns2:status>
                <ns2:version>2</ns2:version>
                <ns2:modificationDescription>Изменение</ns2:modificationDescription>
                <ns2:digitalPurchase>true</ns2:digitalPurchase>
                <ns2:digitalPurchaseCode>400001</ns2:digitalPurchaseCode>
                <ns2:emergency>false</ns2:emergency>
                <ns2:provider>true</ns2:provider>
                <ns2:providerCode>30</ns2:providerCode>
                <ns2:changeContract>true</ns2:changeContract>
                <ns2:attachments>
                    <totalDocumentsCount>2</totalDocumentsCount>
                    <document>
                        <guid>257a4ad3-0508-46bf-9db5-7f0659e6a580</guid>
                        <createDateTime>2022-08-19T05:00:38</createDateTime>
                        <fileName>Договор (устройство мастерской) 28-2022 подписанный.docx</fileName>
                        <description>Договор (устройство мастерской) 28-2022 подписанный</description>
                        <url>https://lk.zakupki.gov.ru/223/contract/private/download/download.html?id=143641918</url>
                        <registrationNumber>87707274249220011500002</registrationNumber>
                    </document>
                    <document>
                        <guid>1c41bb0e-cb3a-4291-805f-d2dad31b0430</guid>
                        <createDateTime>2022-11-25T09:42:39</createDateTime>
                        <fileName>Доп соглашение по договору 28-2022 подписанное.pdf</fileName>
                        <description>Доп соглашение по договору 28-2022 подписанное</description>
                        <url>https://lk.zakupki.gov.ru/223/contract/private/download/download.html?id=143642456</url>
                        <registrationNumber>87707274249220011500004</registrationNumber>
                    </document>
                </ns2:attachments>
                <ns2:contractRegNumber>87707274249220011500000</ns2:contractRegNumber>
                <ns2:name>28/2022</ns2:name>
                <ns2:contractDate>2022-08-19</ns2:contractDate>
                <ns2:approveDate>2022-11-24</ns2:approveDate>
                <ns2:purchaseNoticeInfo>
                    <ns2:guid>50eb6e59-a522-4a05-9f7f-896ee3f97499</ns2:guid>
                    <ns2:purchaseNoticeNumber>32211580290</ns2:purchaseNoticeNumber>
                    <ns2:publicationDateTime>2022-07-27T23:44:35</ns2:publicationDateTime>
                    <ns2:name>Устройство механической мастерской  в помещении склада Камчатского филиала ФГБУ "Морспасслужба"</ns2:name>
                </ns2:purchaseNoticeInfo>
                <ns2:lotGuid>8de7c9cb-1499-4d33-8e2d-b8f93a0a5520</ns2:lotGuid>
                <ns2:subjectContract>Устройство механической мастерской  в помещении склада Камчатского филиала ФГБУ "Морспасслужба"</ns2:subjectContract>
                <ns2:purchaseTypeInfo>
                    <ns2:code>40000</ns2:code>
                    <ns2:name>Иной способ закупки, предусмотренный правовым актом заказчика, указанным в части 1 статьи 2 Федерального закона</ns2:name>
                </ns2:purchaseTypeInfo>
                <ns2:resumeDate>2022-08-19</ns2:resumeDate>
                
                <ns2:hasSubcontractor>false</ns2:hasSubcontractor>
                <ns2:hasGoodInfo>false</ns2:hasGoodInfo>
                <ns2:price>3699600</ns2:price>
                <ns2:currency>
                    <code>RUB</code>
                    <digitalCode>643</digitalCode>
                    <name>Российский рубль</name>
                </ns2:currency>
                <ns2:startExecutionDate>2022-08-19</ns2:startExecutionDate>
                <ns2:endExecutionDate>2022-12-30</ns2:endExecutionDate>
                <ns2:longTermContractVolumes/>
                <ns2:contractPositions>
                    <ns2:contractPosition>
                        <ns2:guid>d06254ca-1502-456b-a274-1afa6fc876c5</ns2:guid>
                        <ns2:name>УУстройство механической мастерской  в помещении склада Камчатского филиала ФГБУ "Морспасслужба"</ns2:name>
                        <ns2:ordinalNumber>1</ns2:ordinalNumber>
                        <ns2:okpd2>
                            <code>43.99.90.100</code>
                            <name>Работы строительные специализированные, не включенные в другие группировки, кроме работ на объектах культурного наследия</name>
                        </ns2:okpd2>
                        <ns2:typeObjectPurchase>W</ns2:typeObjectPurchase>
                        <ns2:typeProvision>NO_BUDGET_RESOURCES_FZ44</ns2:typeProvision>
                        <ns2:impossibleToDetermineAttr>false</ns2:impossibleToDetermineAttr>
                        <ns2:okei>
                            <code>876</code>
                            <name>Условная единица</name>
                        </ns2:okei>
                        <ns2:qty>1</ns2:qty>
                        <ns2:unitPrice>3699600</ns2:unitPrice>
                        <ns2:currency>
                            <code>RUB</code>
                            <digitalCode>643</digitalCode>
                            <name>Российский рубль</name>
                        </ns2:currency>
                    </ns2:contractPosition>
                </ns2:contractPositions>
                <ns2:contractConfirmingDocs>
                    <ns2:contractDoc>
                        <ns2:confirmingDocCode>1</ns2:confirmingDocCode>
                        <ns2:confirmingDocCodeTitle>Протокол, составленный по результатам закупки</ns2:confirmingDocCodeTitle>
                        <ns2:docDate>2022-08-19</ns2:docDate>
                        <ns2:docNum>32211580290-01</ns2:docNum>
                    </ns2:contractDoc>
                </ns2:contractConfirmingDocs>
                <ns2:hasOkpdAndOkdpRows>false</ns2:hasOkpdAndOkdpRows>
                <ns2:hasOkpd2Rows>true</ns2:hasOkpd2Rows>
            </ns2:contractData>
        </ns2:item>
    </ns2:body>
</ns2:contract>