<?xml version="1.0" encoding="UTF-8"?><ns2:contract xmlns:ns2="http://zakupki.gov.ru/223fz/contract/1" xmlns="http://zakupki.gov.ru/223fz/types/1" xmlns:ns10="http://zakupki.gov.ru/223fz/exclusion/1" xmlns:ns11="http://zakupki.gov.ru/223fz/machineryListInfo/1" xmlns:ns12="http://zakupki.gov.ru/223fz/missedNotice/1" xmlns:ns13="http://zakupki.gov.ru/223fz/notificationIssue/1" xmlns:ns14="http://zakupki.gov.ru/223fz/orderClauseList/1" xmlns:ns15="http://zakupki.gov.ru/223fz/purchasePlan/1" xmlns:ns16="http://zakupki.gov.ru/223fz/purchasePlanUpdatePositionDataType/1" xmlns:ns17="http://zakupki.gov.ru/223fz/purchasePlanAdditionalPosition/1" xmlns:ns18="http://zakupki.gov.ru/223fz/purchasePlanProject/1" xmlns:ns19="http://zakupki.gov.ru/223fz/purchasePlanProjectAdditionalPosition/1" xmlns:ns20="http://zakupki.gov.ru/223fz/reference/1" xmlns:ns21="http://zakupki.gov.ru/223fz/revenue/1" xmlns:ns22="http://zakupki.gov.ru/223fz/stopCommodity/1" xmlns:ns23="http://zakupki.gov.ru/223fz/typalOrderClauseList/1" xmlns:ns24="http://zakupki.gov.ru/223fz/webRequest/1" xmlns:ns25="http://zakupki.gov.ru/223fz/ecp-packet/1" xmlns:ns3="http://zakupki.gov.ru/223fz/dishonestSupplier/1" xmlns:ns4="http://zakupki.gov.ru/223fz/agencyRelation/1" xmlns:ns5="http://zakupki.gov.ru/223fz/complaint/1" xmlns:ns6="http://zakupki.gov.ru/223fz/customerRegistry/1" xmlns:ns7="http://zakupki.gov.ru/223fz/decisionSuspension/1" xmlns:ns8="http://zakupki.gov.ru/223fz/disagreementProtocol/1" xmlns:ns9="http://zakupki.gov.ru/223fz/purchase/1" xmlns:xsi="http://www.w3.org/2001/XMLSchema-instance" xsi:schemaLocation="https://zakupki.gov.ru/223/integration/schema/TFF-12.3 https://zakupki.gov.ru/223/integration/schema/TFF-12.3/contract.xsd">
    <header>
        <guid>a38cf526-f997-495d-acae-99db9222a2db</guid>
        <createDateTime>2022-11-28T15:58:13</createDateTime>
    </header>
    <ns2:body>
        <ns2:item>
            <guid>fc2edeba-99eb-45a4-8d31-67109b61ba2b</guid>
            <ns2:contractData>
                <ns2:guid>54ca29db-5b02-4317-a662-7978f9d7cfc3</ns2:guid>
                <ns2:registrationNumber>87707274249220003400006</ns2:registrationNumber>
                <ns2:notice44>false</ns2:notice44>
                <ns2:noticeNotPlacedByFz223p5s4>false</ns2:noticeNotPlacedByFz223p5s4>
                <ns2:termination>false</ns2:termination>
                <ns2:extension>false</ns2:extension>
                <ns2:prolongation>false</ns2:prolongation>
                <ns2:customerAppealedOrNeedsApproval>false</ns2:customerAppealedOrNeedsApproval>
                <ns2:lotNum>1</ns2:lotNum>
                <ns2:urlEIS>https://lk.zakupki.gov.ru/223/contract/private/contract/view/general-information.html?id=14934632&amp;viewMode=VSRI</ns2:urlEIS>
                <ns2:createDateTime>2022-11-28T15:47:27</ns2:createDateTime>
                <ns2:customer>
                    <mainInfo>
                        <fullName>ФЕДЕРАЛЬНОЕ ГОСУДАРСТВЕННОЕ БЮДЖЕТНОЕ УЧРЕЖДЕНИЕ "МОРСКАЯ СПАСАТЕЛЬНАЯ СЛУЖБА"</fullName>
                        <shortName>ФГБУ "МОРСПАССЛУЖБА"</shortName>
                        <iko>87707274249770701001</iko>
                        <inn>7707274249</inn>
                        <kpp>770701001</kpp>
                        <ogrn>1027739737321</ogrn>
                        <legalAddress>125993, ГОРОД МОСКВА,УЛИЦА ПЕТРОВКА, дом ДОМ 3/6, корпус СТР 2</legalAddress>
                        <postalAddress>125009, г Москва, р-н Тверской, ул Петровка, дом 3/6, корпус 2</postalAddress>
                        <okato>45286585000</okato>
                        <okopf>75103</okopf>
                        <okopfName>Федеральные государственные бюджетные учреждения</okopfName>
                        <okpo>18685292</okpo>
                        <okfs>12</okfs>
                        <okfsName>Федеральная собственность</okfsName>
                        <customerRegistrationDate>1999-01-25T00:00:00</customerRegistrationDate>
                        <customerAssessedCompliance>false</customerAssessedCompliance>
                        <customerMonitoredCompliance>false</customerMonitoredCompliance>
                    </mainInfo>
                </ns2:customer>
                <ns2:placer>
                    <mainInfo>
                        <fullName>Северный филиал Федерального Бюджетного Учреждения "Морская спасательная служба Росморречфлота"</fullName>
                        <shortName>Северный филиал ФБУ "Морспасслужба Росморречфлота"</shortName>
                        <iko>87707274249519043001</iko>
                        <inn>7707274249</inn>
                        <kpp>519043001</kpp>
                        <ogrn>1027739737321</ogrn>
                        <legalAddress>183038, г. Мурманск, площадь Морвокзала</legalAddress>
                        <postalAddress>125009, г Москва, р-н Тверской, ул Петровка, дом 3/6, корпус 2</postalAddress>
                        <okato>47401000000</okato>
                        <okopf>75103</okopf>
                        <okopfName>Федеральные государственные бюджетные учреждения</okopfName>
                        <okpo>16444779</okpo>
                        <okfs>12</okfs>
                        <okfsName>Федеральная собственность</okfsName>
                    </mainInfo>
                </ns2:placer>
                <ns2:publicationDate>2022-11-28T15:58:13</ns2:publicationDate>
                <ns2:status>P</ns2:status>
                <ns2:version>3</ns2:version>
                <ns2:modificationDescription>Заключение дополнительного соглашения</ns2:modificationDescription>
                <ns2:digitalPurchase>false</ns2:digitalPurchase>
                <ns2:digitalPurchaseCode>400002</ns2:digitalPurchaseCode>
                <ns2:emergency>false</ns2:emergency>
                <ns2:provider>false</ns2:provider>
                <ns2:changeContract>false</ns2:changeContract>
                <ns2:attachments>
                    <totalDocumentsCount>3</totalDocumentsCount>
                    <document>
                        <guid>4cf7af34-91e2-42ef-8108-ca078fc96591</guid>
                        <createDateTime>2022-07-21T11:45:24</createDateTime>
                        <fileName>Договор.pdf</fileName>
                        <description>Договор.pdf</description>
                        <url>https://lk.zakupki.gov.ru/223/contract/private/download/download.html?id=143955373</url>
                        <registrationNumber>87707274249220003400007</registrationNumber>
                    </document>
                    <document>
                        <guid>1ecca31d-ca7a-403f-97d6-fd71651f0dee</guid>
                        <createDateTime>2022-07-26T12:08:00</createDateTime>
                        <fileName>Дополнительное соглашение №1 от 25.07.2022.pdf</fileName>
                        <description>Дополнительное соглашение №1 от 25.07.2022.pdf</description>
                        <url>https://lk.zakupki.gov.ru/223/contract/private/download/download.html?id=143955374</url>
                        <registrationNumber>87707274249220003400008</registrationNumber>
                    </document>
                    <document>
                        <guid>b9404bc9-e679-4c9f-a37e-f4b62fd38d81</guid>
                        <createDateTime>2022-11-28T15:47:01</createDateTime>
                        <fileName>Дополнительное соглашение №2 от 28.11.2022.pdf</fileName>
                        <description>Дополнительное соглашение №2 от 28.11.2022.pdf</description>
                        <url>https://lk.zakupki.gov.ru/223/contract/private/download/download.html?id=143955375</url>
                        <registrationNumber>87707274249220003400009</registrationNumber>
                    </document>
                </ns2:attachments>
                <ns2:contractRegNumber>87707274249220003400000</ns2:contractRegNumber>
                <ns2:name>71/328/0000883/003/17/22-ЕП</ns2:name>
                <ns2:contractDate>2022-03-11</ns2:contractDate>
                <ns2:approveDate>2022-11-14</ns2:approveDate>
                <ns2:purchaseNoticeInfo>
                    <ns2:guid>5940f1ec-9ded-479b-9b63-399e2d1b1449</ns2:guid>
                    <ns2:purchaseNoticeNumber>32211203723</ns2:purchaseNoticeNumber>
                    <ns2:publicationDateTime>2022-03-09T09:33:01</ns2:publicationDateTime>
                    <ns2:name>Оказание услуг по обращению с твёрдыми коммунальными отходами для нужд Северного филиала ФГБУ «Морспасслужба»</ns2:name>
                </ns2:purchaseNoticeInfo>
                <ns2:lotGuid>e29d3832-f994-45ed-bfd7-b6fba6398221</ns2:lotGuid>
                <ns2:subjectContract>Оказание услуг по обращению с твёрдыми коммунальными отходами для нужд Северного филиала ФГБУ «Морспасслужба»</ns2:subjectContract>
                <ns2:purchaseTypeInfo>
                    <ns2:code>40000</ns2:code>
                    <ns2:name>Иной способ закупки, предусмотренный правовым актом заказчика, указанным в части 1 статьи 2 Федерального закона</ns2:name>
                </ns2:purchaseTypeInfo>
                <ns2:resumeDate>2022-03-09</ns2:resumeDate>
                
                <ns2:price>1085875.14</ns2:price>
                <ns2:currency>
                    <code>RUB</code>
                    <digitalCode>643</digitalCode>
                    <name>Российский рубль</name>
                </ns2:currency>
                <ns2:startExecutionDate>2022-01-01</ns2:startExecutionDate>
                <ns2:endExecutionDate>2022-12-31</ns2:endExecutionDate>
                <ns2:longTermContractVolumes/>
                <ns2:contractPositions>
                    <ns2:contractPosition>
                        <ns2:guid>b2d19eff-7fb4-47b0-ae01-7918512e8fd8</ns2:guid>
                        <ns2:name>Отходы неопасные; услуги по сбору неопасных отходов</ns2:name>
                        <ns2:ordinalNumber>1</ns2:ordinalNumber>
                        <ns2:okpd2>
                            <code>38.11</code>
                            <name>Отходы неопасные; услуги по сбору неопасных отходов</name>
                        </ns2:okpd2>
                        <ns2:typeObjectPurchase>S</ns2:typeObjectPurchase>
                        <ns2:typeProvision>NO_BUDGET_RESOURCES_FZ44</ns2:typeProvision>
                        <ns2:impossibleToDetermineAttr>false</ns2:impossibleToDetermineAttr>
                        <ns2:okei>
                            <code>876</code>
                            <name>Условная единица</name>
                        </ns2:okei>
                        <ns2:qty>1</ns2:qty>
                        <ns2:unitPrice>1085875.14</ns2:unitPrice>
                        <ns2:currency>
                            <code>RUB</code>
                            <digitalCode>643</digitalCode>
                            <name>Российский рубль</name>
                        </ns2:currency>
                    </ns2:contractPosition>
                </ns2:contractPositions>
                <ns2:contractConfirmingDocs>
                    <ns2:contractDoc>
                        <ns2:confirmingDocCode>1</ns2:confirmingDocCode>
                        <ns2:confirmingDocCodeTitle>Протокол, составленный по результатам закупки</ns2:confirmingDocCodeTitle>
                        <ns2:docDate>2022-03-09</ns2:docDate>
                        <ns2:docNum>32211203723-01</ns2:docNum>
                    </ns2:contractDoc>
                </ns2:contractConfirmingDocs>
                <ns2:hasOkpdAndOkdpRows>false</ns2:hasOkpdAndOkdpRows>
                <ns2:hasOkpd2Rows>true</ns2:hasOkpd2Rows>
            </ns2:contractData>
        </ns2:item>
    </ns2:body>
</ns2:contract>