<?xml version="1.0" encoding="UTF-8"?><ns2:contract xmlns:ns2="http://zakupki.gov.ru/223fz/contract/1" xmlns="http://zakupki.gov.ru/223fz/types/1" xmlns:ns10="http://zakupki.gov.ru/223fz/exclusion/1" xmlns:ns11="http://zakupki.gov.ru/223fz/machineryListInfo/1" xmlns:ns12="http://zakupki.gov.ru/223fz/missedNotice/1" xmlns:ns13="http://zakupki.gov.ru/223fz/notificationIssue/1" xmlns:ns14="http://zakupki.gov.ru/223fz/orderClauseList/1" xmlns:ns15="http://zakupki.gov.ru/223fz/purchasePlan/1" xmlns:ns16="http://zakupki.gov.ru/223fz/purchasePlanUpdatePositionDataType/1" xmlns:ns17="http://zakupki.gov.ru/223fz/purchasePlanAdditionalPosition/1" xmlns:ns18="http://zakupki.gov.ru/223fz/purchasePlanProject/1" xmlns:ns19="http://zakupki.gov.ru/223fz/purchasePlanProjectAdditionalPosition/1" xmlns:ns20="http://zakupki.gov.ru/223fz/reference/1" xmlns:ns21="http://zakupki.gov.ru/223fz/revenue/1" xmlns:ns22="http://zakupki.gov.ru/223fz/stopCommodity/1" xmlns:ns23="http://zakupki.gov.ru/223fz/typalOrderClauseList/1" xmlns:ns24="http://zakupki.gov.ru/223fz/webRequest/1" xmlns:ns25="http://zakupki.gov.ru/223fz/ecp-packet/1" xmlns:ns3="http://zakupki.gov.ru/223fz/dishonestSupplier/1" xmlns:ns4="http://zakupki.gov.ru/223fz/agencyRelation/1" xmlns:ns5="http://zakupki.gov.ru/223fz/complaint/1" xmlns:ns6="http://zakupki.gov.ru/223fz/customerRegistry/1" xmlns:ns7="http://zakupki.gov.ru/223fz/decisionSuspension/1" xmlns:ns8="http://zakupki.gov.ru/223fz/disagreementProtocol/1" xmlns:ns9="http://zakupki.gov.ru/223fz/purchase/1" xmlns:xsi="http://www.w3.org/2001/XMLSchema-instance" xsi:schemaLocation="https://zakupki.gov.ru/223/integration/schema/TFF-12.3 https://zakupki.gov.ru/223/integration/schema/TFF-12.3/contract.xsd">
    <header>
        <guid>68acaadb-2932-4c21-8de9-a730badbf0d5</guid>
        <createDateTime>2022-11-28T17:13:47</createDateTime>
    </header>
    <ns2:body>
        <ns2:item>
            <guid>c28cf37b-7671-4b94-9dbd-90e200c76e80</guid>
            <ns2:contractData>
                <ns2:guid>f30e53ce-e60d-424c-83d9-294e030be2ea</ns2:guid>
                <ns2:registrationNumber>87707274249220015700001</ns2:registrationNumber>
                <ns2:notice44>false</ns2:notice44>
                <ns2:noticeNotPlacedByFz223p5s4>false</ns2:noticeNotPlacedByFz223p5s4>
                <ns2:termination>false</ns2:termination>
                <ns2:extension>false</ns2:extension>
                <ns2:prolongation>false</ns2:prolongation>
                <ns2:customerAppealedOrNeedsApproval>false</ns2:customerAppealedOrNeedsApproval>
                <ns2:lotNum>1</ns2:lotNum>
                <ns2:urlEIS>https://lk.zakupki.gov.ru/223/contract/private/contract/view/general-information.html?id=14935725&amp;viewMode=VSRI</ns2:urlEIS>
                <ns2:createDateTime>2022-11-28T17:12:24</ns2:createDateTime>
                <ns2:customer>
                    <mainInfo>
                        <fullName>ФЕДЕРАЛЬНОЕ ГОСУДАРСТВЕННОЕ БЮДЖЕТНОЕ УЧРЕЖДЕНИЕ "МОРСКАЯ СПАСАТЕЛЬНАЯ СЛУЖБА"</fullName>
                        <shortName>ФГБУ "МОРСПАССЛУЖБА"</shortName>
                        <iko>87707274249770701001</iko>
                        <inn>7707274249</inn>
                        <kpp>770701001</kpp>
                        <ogrn>1027739737321</ogrn>
                        <legalAddress>125993, ГОРОД МОСКВА,УЛИЦА ПЕТРОВКА, дом ДОМ 3/6, корпус СТР 2</legalAddress>
                        <postalAddress>125009, г Москва, р-н Тверской, ул Петровка, дом 3/6, корпус 2</postalAddress>
                        <okato>45286585000</okato>
                        <okopf>75103</okopf>
                        <okopfName>Федеральные государственные бюджетные учреждения</okopfName>
                        <okpo>18685292</okpo>
                        <okfs>12</okfs>
                        <okfsName>Федеральная собственность</okfsName>
                        <customerRegistrationDate>1999-01-25T00:00:00</customerRegistrationDate>
                        <customerAssessedCompliance>false</customerAssessedCompliance>
                        <customerMonitoredCompliance>false</customerMonitoredCompliance>
                    </mainInfo>
                </ns2:customer>
                <ns2:placer>
                    <mainInfo>
                        <fullName>Балтийский филиал Федерального государственного бюджетного учреждения "Морская спасательная служба"</fullName>
                        <shortName>Балтийский филиал ФГБУ "Морспасслужба"</shortName>
                        <iko>87707274249780543001</iko>
                        <inn>7707274249</inn>
                        <kpp>780543001</kpp>
                        <ogrn>1027739737321</ogrn>
                        <legalAddress>198096, Санкт-Петербург, Элеваторная площадка, д.1</legalAddress>
                        <postalAddress>125009, г Москва, р-н Тверской, ул Петровка, дом 3/6, корпус 2</postalAddress>
                        <okato>40276564000</okato>
                        <okopf>75103</okopf>
                        <okopfName>Федеральные государственные бюджетные учреждения</okopfName>
                        <okpo>56179650</okpo>
                        <okfs>12</okfs>
                        <okfsName>Федеральная собственность</okfsName>
                    </mainInfo>
                </ns2:placer>
                <ns2:publicationDate>2022-11-28T17:13:47</ns2:publicationDate>
                <ns2:status>P</ns2:status>
                <ns2:version>1</ns2:version>
                <ns2:digitalPurchase>false</ns2:digitalPurchase>
                <ns2:digitalPurchaseCode>400002</ns2:digitalPurchaseCode>
                <ns2:emergency>false</ns2:emergency>
                <ns2:provider>false</ns2:provider>
                <ns2:changeContract>false</ns2:changeContract>
                <ns2:attachments>
                    <totalDocumentsCount>1</totalDocumentsCount>
                    <document>
                        <guid>f9cc69b0-da84-4f81-be9a-92d950e119a3</guid>
                        <createDateTime>2022-11-28T17:11:48</createDateTime>
                        <fileName>ДАНА, дог № СТ28-00-10-2022 от 25.11.2022.pdf</fileName>
                        <description>ДАНА, дог № СТ28-00-10-2022 от 25.11.2022.pdf</description>
                        <url>https://lk.zakupki.gov.ru/223/contract/private/download/download.html?id=143971665</url>
                        <registrationNumber>87707274249220015700002</registrationNumber>
                    </document>
                </ns2:attachments>
                <ns2:contractRegNumber>87707274249220015700000</ns2:contractRegNumber>
                <ns2:name>СТ28-00/10/2022</ns2:name>
                <ns2:contractDate>2022-11-25</ns2:contractDate>
                <ns2:purchaseNoticeInfo>
                    <ns2:guid>fbbae8b6-7f83-4614-9e76-ab21835c6013</ns2:guid>
                    <ns2:purchaseNoticeNumber>32211797662</ns2:purchaseNoticeNumber>
                    <ns2:publicationDateTime>2022-10-27T11:33:25</ns2:publicationDateTime>
                    <ns2:name>Оказание услуг по аттестации станции НСС Архангельского подразделения Балтийского филиала ФГБУ "Морспасслужба"</ns2:name>
                </ns2:purchaseNoticeInfo>
                <ns2:lotGuid>a0112ca0-a218-45b8-a376-be004997300a</ns2:lotGuid>
                <ns2:subjectContract>Оказание услуг по аттестации станции НСС Архангельского подразделения Балтийского филиала ФГБУ "Морспасслужба"</ns2:subjectContract>
                <ns2:purchaseTypeInfo>
                    <ns2:code>40000</ns2:code>
                    <ns2:name>Иной способ закупки, предусмотренный правовым актом заказчика, указанным в части 1 статьи 2 Федерального закона</ns2:name>
                </ns2:purchaseTypeInfo>
                <ns2:resumeDate>2022-10-27</ns2:resumeDate>
                
                <ns2:price>160000</ns2:price>
                <ns2:rubPrice>160000</ns2:rubPrice>
                <ns2:currency>
                    <code>RUB</code>
                    <digitalCode>643</digitalCode>
                    <name>Российский рубль</name>
                </ns2:currency>
                <ns2:startExecutionDate>2022-11-25</ns2:startExecutionDate>
                <ns2:endExecutionDate>2022-12-31</ns2:endExecutionDate>
                <ns2:longTermContractVolumes/>
                <ns2:contractPositions>
                    <ns2:contractPosition>
                        <ns2:guid>b8968125-6fa9-4aff-b004-30d46f81b12a</ns2:guid>
                        <ns2:name>Оказание услуг по аттестации станции НСС Архангельского подразделения Балтийского филиала ФГБУ "Морспасслужба"</ns2:name>
                        <ns2:ordinalNumber>1</ns2:ordinalNumber>
                        <ns2:okpd2>
                            <code>85.4</code>
                            <name>Услуги по дополнительному образованию</name>
                        </ns2:okpd2>
                        <ns2:typeObjectPurchase>S</ns2:typeObjectPurchase>
                        <ns2:typeProvision>NO_BUDGET_RESOURCES_FZ44</ns2:typeProvision>
                        <ns2:impossibleToDetermineAttr>false</ns2:impossibleToDetermineAttr>
                        <ns2:okei>
                            <code>876</code>
                            <name>Условная единица</name>
                        </ns2:okei>
                        <ns2:qty>1</ns2:qty>
                        <ns2:unitPrice>160000</ns2:unitPrice>
                        <ns2:currency>
                            <code>RUB</code>
                            <digitalCode>643</digitalCode>
                            <name>Российский рубль</name>
                        </ns2:currency>
                    </ns2:contractPosition>
                </ns2:contractPositions>
                <ns2:contractConfirmingDocs>
                    <ns2:contractDoc>
                        <ns2:confirmingDocCode>1</ns2:confirmingDocCode>
                        <ns2:confirmingDocCodeTitle>Протокол, составленный по результатам закупки</ns2:confirmingDocCodeTitle>
                        <ns2:docDate>2022-10-27</ns2:docDate>
                        <ns2:docNum>32211797662</ns2:docNum>
                    </ns2:contractDoc>
                </ns2:contractConfirmingDocs>
                <ns2:hasOkpdAndOkdpRows>false</ns2:hasOkpdAndOkdpRows>
                <ns2:hasOkpd2Rows>true</ns2:hasOkpd2Rows>
            </ns2:contractData>
        </ns2:item>
    </ns2:body>
</ns2:contract>