<?xml version="1.0" encoding="UTF-8"?><ns2:contract xmlns:ns2="http://zakupki.gov.ru/223fz/contract/1" xmlns="http://zakupki.gov.ru/223fz/types/1" xmlns:ns10="http://zakupki.gov.ru/223fz/exclusion/1" xmlns:ns11="http://zakupki.gov.ru/223fz/machineryListInfo/1" xmlns:ns12="http://zakupki.gov.ru/223fz/missedNotice/1" xmlns:ns13="http://zakupki.gov.ru/223fz/notificationIssue/1" xmlns:ns14="http://zakupki.gov.ru/223fz/orderClauseList/1" xmlns:ns15="http://zakupki.gov.ru/223fz/purchasePlan/1" xmlns:ns16="http://zakupki.gov.ru/223fz/purchasePlanUpdatePositionDataType/1" xmlns:ns17="http://zakupki.gov.ru/223fz/purchasePlanAdditionalPosition/1" xmlns:ns18="http://zakupki.gov.ru/223fz/purchasePlanProject/1" xmlns:ns19="http://zakupki.gov.ru/223fz/purchasePlanProjectAdditionalPosition/1" xmlns:ns20="http://zakupki.gov.ru/223fz/reference/1" xmlns:ns21="http://zakupki.gov.ru/223fz/revenue/1" xmlns:ns22="http://zakupki.gov.ru/223fz/stopCommodity/1" xmlns:ns23="http://zakupki.gov.ru/223fz/typalOrderClauseList/1" xmlns:ns24="http://zakupki.gov.ru/223fz/webRequest/1" xmlns:ns25="http://zakupki.gov.ru/223fz/ecp-packet/1" xmlns:ns3="http://zakupki.gov.ru/223fz/dishonestSupplier/1" xmlns:ns4="http://zakupki.gov.ru/223fz/agencyRelation/1" xmlns:ns5="http://zakupki.gov.ru/223fz/complaint/1" xmlns:ns6="http://zakupki.gov.ru/223fz/customerRegistry/1" xmlns:ns7="http://zakupki.gov.ru/223fz/decisionSuspension/1" xmlns:ns8="http://zakupki.gov.ru/223fz/disagreementProtocol/1" xmlns:ns9="http://zakupki.gov.ru/223fz/purchase/1" xmlns:xsi="http://www.w3.org/2001/XMLSchema-instance" xsi:schemaLocation="https://zakupki.gov.ru/223/integration/schema/TFF-12.3 https://zakupki.gov.ru/223/integration/schema/TFF-12.3/contract.xsd">
    <header>
        <guid>68fd1607-74bf-4e92-94ef-e4276ef97966</guid>
        <createDateTime>2022-11-30T07:24:58</createDateTime>
    </header>
    <ns2:body>
        <ns2:item>
            <guid>ed13514f-8175-40ea-801c-97c372e7a9e9</guid>
            <ns2:contractData>
                <ns2:guid>b08da1b3-c112-4d19-8376-90e901f20509</ns2:guid>
                <ns2:registrationNumber>87707274249220015770001</ns2:registrationNumber>
                <ns2:notice44>false</ns2:notice44>
                <ns2:noticeNotPlacedByFz223p5s4>false</ns2:noticeNotPlacedByFz223p5s4>
                <ns2:termination>false</ns2:termination>
                <ns2:extension>false</ns2:extension>
                <ns2:prolongation>false</ns2:prolongation>
                <ns2:customerAppealedOrNeedsApproval>false</ns2:customerAppealedOrNeedsApproval>
                <ns2:lotNum>1</ns2:lotNum>
                <ns2:urlEIS>https://lk.zakupki.gov.ru/223/contract/private/contract/view/general-information.html?id=14947977&amp;viewMode=VSRI</ns2:urlEIS>
                <ns2:createDateTime>2022-11-30T06:55:29</ns2:createDateTime>
                <ns2:customer>
                    <mainInfo>
                        <fullName>ФЕДЕРАЛЬНОЕ ГОСУДАРСТВЕННОЕ БЮДЖЕТНОЕ УЧРЕЖДЕНИЕ "МОРСКАЯ СПАСАТЕЛЬНАЯ СЛУЖБА"</fullName>
                        <shortName>ФГБУ "МОРСПАССЛУЖБА"</shortName>
                        <iko>87707274249770701001</iko>
                        <inn>7707274249</inn>
                        <kpp>770701001</kpp>
                        <ogrn>1027739737321</ogrn>
                        <legalAddress>125993, ГОРОД МОСКВА,УЛИЦА ПЕТРОВКА, дом ДОМ 3/6, корпус СТР 2</legalAddress>
                        <postalAddress>125009, г Москва, р-н Тверской, ул Петровка, дом 3/6, корпус 2</postalAddress>
                        <okato>45286585000</okato>
                        <okopf>75103</okopf>
                        <okopfName>Федеральные государственные бюджетные учреждения</okopfName>
                        <okpo>18685292</okpo>
                        <okfs>12</okfs>
                        <okfsName>Федеральная собственность</okfsName>
                        <customerRegistrationDate>1999-01-25T00:00:00</customerRegistrationDate>
                        <customerAssessedCompliance>false</customerAssessedCompliance>
                        <customerMonitoredCompliance>false</customerMonitoredCompliance>
                    </mainInfo>
                </ns2:customer>
                <ns2:placer>
                    <mainInfo>
                        <fullName>Приморский филиал ФГБУ "Морспасслужба"</fullName>
                        <shortName>Приморский филиал ФГБУ "Морспасслужба"</shortName>
                        <iko>87707274249253743001</iko>
                        <inn>7707274249</inn>
                        <kpp>253743001</kpp>
                        <ogrn>1027739737321</ogrn>
                        <legalAddress>690035, Приморский край, г. Владивосток, Причал 44.</legalAddress>
                        <postalAddress>125009, г Москва, р-н Тверской, ул Петровка, дом 3/6, корпус 2</postalAddress>
                        <okato>05401367000</okato>
                        <okopf>75103</okopf>
                        <okopfName>Федеральные государственные бюджетные учреждения</okopfName>
                        <okpo>31171988</okpo>
                        <okfs>12</okfs>
                        <okfsName>Федеральная собственность</okfsName>
                    </mainInfo>
                </ns2:placer>
                <ns2:publicationDate>2022-11-30T07:24:58</ns2:publicationDate>
                <ns2:status>P</ns2:status>
                <ns2:version>1</ns2:version>
                <ns2:digitalPurchase>true</ns2:digitalPurchase>
                <ns2:digitalPurchaseCode>400001</ns2:digitalPurchaseCode>
                <ns2:emergency>false</ns2:emergency>
                <ns2:provider>true</ns2:provider>
                <ns2:providerCode>30</ns2:providerCode>
                <ns2:changeContract>false</ns2:changeContract>
                <ns2:attachments>
                    <totalDocumentsCount>1</totalDocumentsCount>
                    <document>
                        <guid>4736c277-8a6c-44c0-943b-aafd1b1949fa</guid>
                        <createDateTime>2022-11-25T08:42:27</createDateTime>
                        <fileName>№ 32211833175 договор_Атлантик ДВ (сзч_длясепараторов судов).docx</fileName>
                        <description>№ 32211833175 договор_Атлантик ДВ (сзч_длясепараторов судов).docx</description>
                        <url>https://lk.zakupki.gov.ru/223/contract/private/download/download.html?id=144164334</url>
                        <registrationNumber>87707274249220015770002</registrationNumber>
                    </document>
                </ns2:attachments>
                <ns2:contractRegNumber>87707274249220015770000</ns2:contractRegNumber>
                <ns2:name>32211833175 </ns2:name>
                <ns2:contractDate>2022-11-30</ns2:contractDate>
                <ns2:purchaseNoticeInfo>
                    <ns2:guid>0db40ffb-ee02-4275-bec5-d9f7f65f972d</ns2:guid>
                    <ns2:purchaseNoticeNumber>32211833175</ns2:purchaseNoticeNumber>
                    <ns2:publicationDateTime>2022-11-10T03:57:31</ns2:publicationDateTime>
                    <ns2:name>Поставка сменно-запасных частей для сепараторов судов Приморского филиала ФГБУ "Морспасслужба"</ns2:name>
                </ns2:purchaseNoticeInfo>
                <ns2:lotGuid>aa62e351-e416-40e6-b7e9-c3f5b4f61422</ns2:lotGuid>
                <ns2:subjectContract>Поставка сменно-запасных частей для сепараторов судов Приморского филиала ФГБУ "Морспасслужба"</ns2:subjectContract>
                <ns2:purchaseTypeInfo>
                    <ns2:code>40000</ns2:code>
                    <ns2:name>Иной способ закупки, предусмотренный правовым актом заказчика, указанным в части 1 статьи 2 Федерального закона</ns2:name>
                </ns2:purchaseTypeInfo>
                
                <ns2:hasSubcontractor>false</ns2:hasSubcontractor>
                <ns2:price>2998.88</ns2:price>
                <ns2:exchangeRate>63.3882</ns2:exchangeRate>
                <ns2:rubPrice>190093.61</ns2:rubPrice>
                <ns2:currency>
                    <code>EUR</code>
                    <digitalCode>978</digitalCode>
                    <name>Евро</name>
                </ns2:currency>
                <ns2:startExecutionDate>2022-11-30</ns2:startExecutionDate>
                <ns2:endExecutionDate>2023-03-31</ns2:endExecutionDate>
                <ns2:longTermContractVolumes>
                    <ns2:details>
                        <ns2:longTermContractVolumeDetail>
                            <ns2:year>2022</ns2:year>
                            <ns2:summ>1499.44</ns2:summ>
                            <ns2:summRub>95046.8</ns2:summRub>
                        </ns2:longTermContractVolumeDetail>
                        <ns2:longTermContractVolumeDetail>
                            <ns2:year>2023</ns2:year>
                            <ns2:summ>1499.44</ns2:summ>
                            <ns2:summRub>95046.8</ns2:summRub>
                        </ns2:longTermContractVolumeDetail>
                    </ns2:details>
                    <ns2:volume>2998.88</ns2:volume>
                    <ns2:volumeRub>190093.61</ns2:volumeRub>
                </ns2:longTermContractVolumes>
                <ns2:contractPositions>
                    <ns2:contractPosition>
                        <ns2:guid>f59d3ba8-c081-407d-af23-12f4485459c3</ns2:guid>
                        <ns2:name>Поставка сменно-запасных частей для сепараторов судов Приморского филиала ФГБУ "Морспасслужба"</ns2:name>
                        <ns2:ordinalNumber>1</ns2:ordinalNumber>
                        <ns2:okpd2>
                            <code>28.15</code>
                            <name>Подшипники, зубчатые колеса, зубчатые передачи и элементы приводов</name>
                        </ns2:okpd2>
                        <ns2:typeObjectPurchase>G</ns2:typeObjectPurchase>
                        <ns2:countriesOfOrigin>
                            <ns2:country>
                                <name>Королевство Швеция</name>
                                <digitalCode>752</digitalCode>
                            </ns2:country>
                        </ns2:countriesOfOrigin>
                        <ns2:typeProvision>NO_BUDGET_RESOURCES_FZ44</ns2:typeProvision>
                        <ns2:impossibleToDetermineAttr>false</ns2:impossibleToDetermineAttr>
                        <ns2:okei>
                            <code>879</code>
                            <name>Условная штука</name>
                        </ns2:okei>
                        <ns2:qty>1</ns2:qty>
                        <ns2:unitPrice>577.11</ns2:unitPrice>
                        <ns2:currency>
                            <code>EUR</code>
                            <digitalCode>978</digitalCode>
                            <name>Евро</name>
                        </ns2:currency>
                        <ns2:exchangeRate>63.3882</ns2:exchangeRate>
                        <ns2:rubUnitPrice>36581.964102</ns2:rubUnitPrice>
                    </ns2:contractPosition>
                    <ns2:contractPosition>
                        <ns2:guid>5e06da85-1e1b-4637-b26e-ef727bd3be1a</ns2:guid>
                        <ns2:name>Поставка сменно-запасных частей для сепараторов судов Приморского филиала ФГБУ "Морспасслужба"</ns2:name>
                        <ns2:ordinalNumber>2</ns2:ordinalNumber>
                        <ns2:okpd2>
                            <code>22.1</code>
                            <name>Изделия резиновые</name>
                        </ns2:okpd2>
                        <ns2:typeObjectPurchase>G</ns2:typeObjectPurchase>
                        <ns2:countriesOfOrigin>
                            <ns2:country>
                                <name>Королевство Швеция</name>
                                <digitalCode>752</digitalCode>
                            </ns2:country>
                        </ns2:countriesOfOrigin>
                        <ns2:typeProvision>NO_BUDGET_RESOURCES_FZ44</ns2:typeProvision>
                        <ns2:impossibleToDetermineAttr>false</ns2:impossibleToDetermineAttr>
                        <ns2:okei>
                            <code>879</code>
                            <name>Условная штука</name>
                        </ns2:okei>
                        <ns2:qty>1</ns2:qty>
                        <ns2:unitPrice>2421.77</ns2:unitPrice>
                        <ns2:currency>
                            <code>EUR</code>
                            <digitalCode>978</digitalCode>
                            <name>Евро</name>
                        </ns2:currency>
                        <ns2:exchangeRate>63.3882</ns2:exchangeRate>
                        <ns2:rubUnitPrice>153511.641114</ns2:rubUnitPrice>
                    </ns2:contractPosition>
                </ns2:contractPositions>
                <ns2:contractConfirmingDocs>
                    <ns2:contractDoc>
                        <ns2:confirmingDocCode>1</ns2:confirmingDocCode>
                        <ns2:confirmingDocCodeTitle>Протокол, составленный по результатам закупки</ns2:confirmingDocCodeTitle>
                        <ns2:protocolInfoGuid>d4b6f1c4-b536-48b5-9116-4834234897dc</ns2:protocolInfoGuid>
                        <ns2:protocolName>Итоговый протокол 32211833175-01</ns2:protocolName>
                        <ns2:docDate>2022-11-18</ns2:docDate>
                    </ns2:contractDoc>
                </ns2:contractConfirmingDocs>
                <ns2:hasOkpdAndOkdpRows>false</ns2:hasOkpdAndOkdpRows>
                <ns2:hasOkpd2Rows>true</ns2:hasOkpd2Rows>
            </ns2:contractData>
        </ns2:item>
    </ns2:body>
</ns2:contract>