<?xml version="1.0" encoding="UTF-8"?><ns2:contract xmlns:ns2="http://zakupki.gov.ru/223fz/contract/1" xmlns="http://zakupki.gov.ru/223fz/types/1" xmlns:ns10="http://zakupki.gov.ru/223fz/exclusion/1" xmlns:ns11="http://zakupki.gov.ru/223fz/machineryListInfo/1" xmlns:ns12="http://zakupki.gov.ru/223fz/missedNotice/1" xmlns:ns13="http://zakupki.gov.ru/223fz/notificationIssue/1" xmlns:ns14="http://zakupki.gov.ru/223fz/orderClauseList/1" xmlns:ns15="http://zakupki.gov.ru/223fz/purchasePlan/1" xmlns:ns16="http://zakupki.gov.ru/223fz/purchasePlanUpdatePositionDataType/1" xmlns:ns17="http://zakupki.gov.ru/223fz/purchasePlanAdditionalPosition/1" xmlns:ns18="http://zakupki.gov.ru/223fz/purchasePlanProject/1" xmlns:ns19="http://zakupki.gov.ru/223fz/purchasePlanProjectAdditionalPosition/1" xmlns:ns20="http://zakupki.gov.ru/223fz/reference/1" xmlns:ns21="http://zakupki.gov.ru/223fz/revenue/1" xmlns:ns22="http://zakupki.gov.ru/223fz/stopCommodity/1" xmlns:ns23="http://zakupki.gov.ru/223fz/typalOrderClauseList/1" xmlns:ns24="http://zakupki.gov.ru/223fz/webRequest/1" xmlns:ns25="http://zakupki.gov.ru/223fz/ecp-packet/1" xmlns:ns3="http://zakupki.gov.ru/223fz/dishonestSupplier/1" xmlns:ns4="http://zakupki.gov.ru/223fz/agencyRelation/1" xmlns:ns5="http://zakupki.gov.ru/223fz/complaint/1" xmlns:ns6="http://zakupki.gov.ru/223fz/customerRegistry/1" xmlns:ns7="http://zakupki.gov.ru/223fz/decisionSuspension/1" xmlns:ns8="http://zakupki.gov.ru/223fz/disagreementProtocol/1" xmlns:ns9="http://zakupki.gov.ru/223fz/purchase/1" xmlns:xsi="http://www.w3.org/2001/XMLSchema-instance" xsi:schemaLocation="https://zakupki.gov.ru/223/integration/schema/TFF-12.3 https://zakupki.gov.ru/223/integration/schema/TFF-12.3/contract.xsd">
    <header>
        <guid>bb7328f3-8516-43f3-8b7f-256c9391a6ea</guid>
        <createDateTime>2022-11-28T10:20:55</createDateTime>
    </header>
    <ns2:body>
        <ns2:item>
            <guid>683b8ed6-0f2b-4648-bb6a-8546c8bee0ba</guid>
            <ns2:contractData>
                <ns2:guid>69607790-d1ed-47bf-ac18-357c44745ce4</ns2:guid>
                <ns2:registrationNumber>87707274249220015620001</ns2:registrationNumber>
                <ns2:notice44>false</ns2:notice44>
                <ns2:noticeNotPlacedByFz223p5s4>false</ns2:noticeNotPlacedByFz223p5s4>
                <ns2:termination>false</ns2:termination>
                <ns2:extension>false</ns2:extension>
                <ns2:prolongation>false</ns2:prolongation>
                <ns2:customerAppealedOrNeedsApproval>false</ns2:customerAppealedOrNeedsApproval>
                <ns2:lotNum>1</ns2:lotNum>
                <ns2:urlEIS>https://lk.zakupki.gov.ru/223/contract/private/contract/view/general-information.html?id=14929385&amp;viewMode=VSRI</ns2:urlEIS>
                <ns2:createDateTime>2022-11-28T10:16:53</ns2:createDateTime>
                <ns2:customer>
                    <mainInfo>
                        <fullName>ФЕДЕРАЛЬНОЕ ГОСУДАРСТВЕННОЕ БЮДЖЕТНОЕ УЧРЕЖДЕНИЕ "МОРСКАЯ СПАСАТЕЛЬНАЯ СЛУЖБА"</fullName>
                        <shortName>ФГБУ "МОРСПАССЛУЖБА"</shortName>
                        <iko>87707274249770701001</iko>
                        <inn>7707274249</inn>
                        <kpp>770701001</kpp>
                        <ogrn>1027739737321</ogrn>
                        <legalAddress>125993, ГОРОД МОСКВА,УЛИЦА ПЕТРОВКА, дом ДОМ 3/6, корпус СТР 2</legalAddress>
                        <postalAddress>125009, г Москва, р-н Тверской, ул Петровка, дом 3/6, корпус 2</postalAddress>
                        <okato>45286585000</okato>
                        <okopf>75103</okopf>
                        <okopfName>Федеральные государственные бюджетные учреждения</okopfName>
                        <okpo>18685292</okpo>
                        <okfs>12</okfs>
                        <okfsName>Федеральная собственность</okfsName>
                        <customerRegistrationDate>1999-01-25T00:00:00</customerRegistrationDate>
                        <customerAssessedCompliance>false</customerAssessedCompliance>
                        <customerMonitoredCompliance>false</customerMonitoredCompliance>
                    </mainInfo>
                </ns2:customer>
                <ns2:placer>
                    <mainInfo>
                        <fullName>КАСПИЙСКИЙ ФИЛИАЛ ФЕДЕРАЛЬНОЕ ГОСУДАРСТВЕННОЕ БЮДЖЕТНОЕ УЧРЕЖДЕНИЕ "МОРСКАЯ СПАСАТЕЛЬНАЯ СЛУЖБА"</fullName>
                        <shortName>КАСПИЙСКИЙ ФИЛИАЛ ФГБУ "МОРСПАССЛУЖБА"</shortName>
                        <iko>87707274249302343001</iko>
                        <inn>7707274249</inn>
                        <kpp>302343001</kpp>
                        <ogrn>1027739737321</ogrn>
                        <legalAddress>414016, г. Астрахань, ул. Водников, дом № 22</legalAddress>
                        <postalAddress>125009, г Москва, р-н Тверской, ул Петровка, дом 3/6, корпус 2</postalAddress>
                        <okato>12401383000</okato>
                        <okopf>75103</okopf>
                        <okopfName>Федеральные государственные бюджетные учреждения</okopfName>
                        <okpo>27049000</okpo>
                        <okfs>12</okfs>
                        <okfsName>Федеральная собственность</okfsName>
                    </mainInfo>
                </ns2:placer>
                <ns2:publicationDate>2022-11-28T10:20:54</ns2:publicationDate>
                <ns2:status>P</ns2:status>
                <ns2:version>1</ns2:version>
                <ns2:digitalPurchase>false</ns2:digitalPurchase>
                <ns2:digitalPurchaseCode>400002</ns2:digitalPurchaseCode>
                <ns2:emergency>false</ns2:emergency>
                <ns2:provider>false</ns2:provider>
                <ns2:changeContract>false</ns2:changeContract>
                <ns2:attachments>
                    <totalDocumentsCount>1</totalDocumentsCount>
                    <document>
                        <guid>8fef05d2-5aed-48a1-8413-25a1aa20ab44</guid>
                        <createDateTime>2022-11-28T10:16:17</createDateTime>
                        <fileName>13. ПАО Астраханская энергосбытовая компания.pdf</fileName>
                        <description>13. ПАО Астраханская энергосбытовая компания.pdf</description>
                        <url>https://lk.zakupki.gov.ru/223/contract/private/download/download.html?id=143863541</url>
                        <registrationNumber>87707274249220015620002</registrationNumber>
                    </document>
                </ns2:attachments>
                <ns2:contractRegNumber>87707274249220015620000</ns2:contractRegNumber>
                <ns2:name>РМРФ/13/23</ns2:name>
                <ns2:contractDate>2022-11-28</ns2:contractDate>
                <ns2:purchaseNoticeInfo>
                    <ns2:guid>a79b0e8f-367e-49ef-a01d-eb34d1857cda</ns2:guid>
                    <ns2:purchaseNoticeNumber>32211879963</ns2:purchaseNoticeNumber>
                    <ns2:publicationDateTime>2022-11-24T09:34:34</ns2:publicationDateTime>
                    <ns2:name>Оказание услуг энергоснабжения для нужд Каспийского филиала ФГБУ «Морспасслужба»</ns2:name>
                </ns2:purchaseNoticeInfo>
                <ns2:lotGuid>0db3a93e-de9d-42e9-bdd5-806de41fbe01</ns2:lotGuid>
                <ns2:subjectContract>Оказание услуг энергоснабжения для нужд Каспийского филиала ФГБУ «Морспасслужба»</ns2:subjectContract>
                <ns2:purchaseTypeInfo>
                    <ns2:code>40000</ns2:code>
                    <ns2:name>Иной способ закупки, предусмотренный правовым актом заказчика, указанным в части 1 статьи 2 Федерального закона</ns2:name>
                </ns2:purchaseTypeInfo>
                <ns2:resumeDate>2022-11-25</ns2:resumeDate>
                
                <ns2:price>7311385.52</ns2:price>
                <ns2:rubPrice>7311385.52</ns2:rubPrice>
                <ns2:currency>
                    <code>RUB</code>
                    <digitalCode>643</digitalCode>
                    <name>Российский рубль</name>
                </ns2:currency>
                <ns2:startExecutionDate>2023-01-01</ns2:startExecutionDate>
                <ns2:endExecutionDate>2024-01-31</ns2:endExecutionDate>
                <ns2:longTermContractVolumes>
                    <ns2:details>
                        <ns2:longTermContractVolumeDetail>
                            <ns2:year>2023</ns2:year>
                            <ns2:summ>0</ns2:summ>
                        </ns2:longTermContractVolumeDetail>
                        <ns2:longTermContractVolumeDetail>
                            <ns2:year>2024</ns2:year>
                            <ns2:summ>7311385.52</ns2:summ>
                        </ns2:longTermContractVolumeDetail>
                    </ns2:details>
                    <ns2:volume>7311385.52</ns2:volume>
                </ns2:longTermContractVolumes>
                <ns2:contractPositions>
                    <ns2:contractPosition>
                        <ns2:guid>753c83fa-7b23-47cd-a08d-342832e4b828</ns2:guid>
                        <ns2:name>Оказание услуг энергоснабжения для нужд Каспийского филиала ФГБУ «Морспасслужба»</ns2:name>
                        <ns2:ordinalNumber>1</ns2:ordinalNumber>
                        <ns2:okpd2>
                            <code>35.11.10.110</code>
                            <name>Электроэнергия, произведенная электростанциями общего назначения</name>
                        </ns2:okpd2>
                        <ns2:typeObjectPurchase>S</ns2:typeObjectPurchase>
                        <ns2:typeProvision>NO_BUDGET_RESOURCES_FZ44</ns2:typeProvision>
                        <ns2:impossibleToDetermineAttr>false</ns2:impossibleToDetermineAttr>
                        <ns2:okei>
                            <code>876</code>
                            <name>Условная единица</name>
                        </ns2:okei>
                        <ns2:qty>1</ns2:qty>
                        <ns2:unitPrice>7311385.52</ns2:unitPrice>
                        <ns2:currency>
                            <code>RUB</code>
                            <digitalCode>643</digitalCode>
                            <name>Российский рубль</name>
                        </ns2:currency>
                    </ns2:contractPosition>
                </ns2:contractPositions>
                <ns2:contractConfirmingDocs>
                    <ns2:contractDoc>
                        <ns2:confirmingDocCode>1</ns2:confirmingDocCode>
                        <ns2:confirmingDocCodeTitle>Протокол, составленный по результатам закупки</ns2:confirmingDocCodeTitle>
                        <ns2:docDate>2022-11-25</ns2:docDate>
                    </ns2:contractDoc>
                </ns2:contractConfirmingDocs>
                <ns2:hasOkpdAndOkdpRows>false</ns2:hasOkpdAndOkdpRows>
                <ns2:hasOkpd2Rows>true</ns2:hasOkpd2Rows>
            </ns2:contractData>
        </ns2:item>
    </ns2:body>
</ns2:contract>